title,price,review
Intel® Core™ i9-14900KS Desktop Processor 24 cores (8...,$649.98,3.3 out of 5 stars among 40 reviews
Intel® CoreTM i9-14900K New Gaming Desktop Processor 24...,$549.40,4.6 out of 5 stars among 973 reviews
Intel® Core™ i7-14700K New Gaming Desktop Processor 20...,$381.99,4.6 out of 5 stars among 973 reviews
Intel® CoreTM i5-14600K New Gaming Desktop Processor 14...,$305.99,4.6 out of 5 stars among 973 reviews
Intel® Core™ i9-14900KF New Gaming Desktop Processor 24...,$560.99,4.6 out of 5 stars among 972 reviews
Intel® Core™ i7-14700KF New Gaming Desktop Processor 20...,$375.72,4.6 out of 5 stars among 973 reviews
Intel® Core™ i5-14600KF New Gaming Desktop Processor 14...,$293.99,4.6 out of 5 stars among 972 reviews
Intel Core i9-14900 Desktop Processor 24 cores (8 P-cores +...,$579.99,4.7 out of 5 stars among 8 reviews
Intel Core i9-14900F Desktop Processor 24 cores (8 P-cores +...,$520.74,5.0 out of 5 stars among 4 reviews
Intel Core i7-14700 Desktop Processor 20 cores (8 P-cores +...,$399.98,4.5 out of 5 stars among 18 reviews
Intel Core i7-14700F Desktop Processor 20 cores (8 P-cores +...,$365.99,4.8 out of 5 stars among 15 reviews
Intel Core i5-14500 Desktop Processor 14 cores (6 P-cores +...,$239.98,4.8 out of 5 stars among 26 reviews
Intel Core i5-14400F Desktop Processor 10 cores (6 P-cores +...,$199.98,4.8 out of 5 stars among 23 reviews
Intel Core i5-14400 Desktop Processor 10 cores (6 P-cores +...,$231.48,5.0 out of 5 stars among 2 reviews
Intel Core i5-13600K Desktop Processor 14 (6 P-cores + 8...,$259.96,4.8 out of 5 stars among 937 reviews
Intel Core i7-13700K Gaming Desktop Processor 16 cores (8...,$325.99,"4.8 out of 5 stars among 1,524 reviews"
Intel Core i9-13900K Desktop Processor 24 (8 P-cores + 16...,$460.73,"4.6 out of 5 stars among 1,427 reviews"
Intel Core i9-13900KF Gaming Desktop Processor 24 cores (8...,$459.99,4.7 out of 5 stars among 412 reviews
Intel Core i7-13700KF Gaming Desktop Processor 16 cores (8...,$291.55,4.8 out of 5 stars among 544 reviews
Intel Core i5-13600KF Desktop Processor 14 cores (6 P-cores +...,$234.98,4.8 out of 5 stars among 657 reviews
